{"node_features": [[0.0, 1.0, 0.0, -1.0, 1.0, -1.2605, 0.3653, -0.0105, 0.5653, -0.6355, 0.46530000000000005], [0.0, 1.0, 0.0, -1.0, 1.0, -1.2605, 0.1613, -0.0105, 0.3613, -0.6355, 0.2613], [0.0, 1.0, 0.0, -1.0, 1.0, -1.27, -0.19, -0.27, 0.16, -0.77, -0.01499999999999999], [0.0, 1.0, 0.0, -1.0, 1.0, -1.4679999750000001, -0.445, -0.217999975, -0.195, -0.8429999750000001, -0.32], [1.0, 0.0, 0.0, -1.0, 1.0, -0.25499999525, -0.1289999962, -0.25499999525, -0.1289999962, -0.25499999525, -0.1289999962], [0.0, 0.0, 0.0, 0.0, 1.0, -1.10000002375, 0.5474999905, -1.10000002375, 0.5474999905, -1.10000002375, 0.5474999905], [0.0, 0.0, 1.0, -1.0, 1.0, -10.0, -10.0, -10.0, -10.0, -0.7085690498352051, -0.23325343132019044], [1.0, 0.0, 1.0, -1.0, 0.0, -10.0, -10.0, -10.0, -10.0, -2.5, -1.0]], "edge_features": [[0.0, 1.0, 0.0, 0.0, 0.0, 0.18940924494059297], [0.0, 1.0, 0.0, 0.0, 0.0, 0.2613560954343511], [0.0, 1.0, 0.0, 0.0, 0.0, 0.28448022689907965], [0.0, 0.0, 0.0, 1.0, 1.0, 0.4423936005729032], [0.0, 0.0, 0.0, 1.0, 1.0, 0.23314170705801385], [1.0, 0.0, 0.0, 1.0, 0.0, 0.0947612015043102], [1.0, 0.0, 0.0, 1.0, 0.0, -10.0], [1.0, 0.0, 1.0, 0.0, 0.0, 0.19428196869749523], [1.0, 0.0, 1.0, 0.0, 1.0, 0.7393443150908584], [1.0, 0.0, 1.0, 0.0, 1.0, 1.5280019097403834]], "edge_index": [[0, 1, 2, 5, 4, 6, 7, 6, 5, 5], [1, 2, 3, 1, 3, 3, 2, 4, 6, 7]]}