{"scale": 1.0, "transformation": [[-0.5504579354639744, -0.0, -0.8348628996935598, -2.591708915818308], [0.0, 0.9999999999999999, -0.0, 0.0], [0.8348628996935598, 0.0, -0.5504579354639744, 1.9011911745655419], [0.0, 0.0, 0.0, 1.0]]}